Algorithm,Implementation,Thread Count,Elements,Time
TimSort, OpenMP, 1, 2, 0.000002
TimSort, OpenMP, 2, 2, 0.000486
TimSort, OpenMP, 4, 2, 0.001886
TimSort, OpenMP, 8, 2, 0.005099
TimSort, OpenMP, 16, 2, 0.007031
TimSort, OpenMP, 32, 2, 0.012323
TimSort, OpenMP, 64, 2, 0.034930
TimSort, OpenMP, 128, 2, 0.110719
TimSort, OpenMP, 256, 2, 0.091187
TimSort, OpenMP, 512, 2, 0.144363
Bitonic Sort, OpenMP, 1, 2, 0.000004
Bitonic Sort, OpenMP, 2, 2, 0.001549
Bitonic Sort, OpenMP, 4, 2, 0.031234
Bitonic Sort, OpenMP, 8, 2, 0.018754
Bitonic Sort, OpenMP, 16, 2, 0.006931
Bitonic Sort, OpenMP, 32, 2, 0.006181
Bitonic Sort, OpenMP, 64, 2, 0.017305
Bitonic Sort, OpenMP, 128, 2, 0.036699
Bitonic Sort, OpenMP, 256, 2, 0.044122
Bitonic Sort, OpenMP, 512, 2, 0.155005
MergeSort, OpenMP, 1, 2, 0.000006
MergeSort, OpenMP, 2, 2, 0.003985
MergeSort, OpenMP, 4, 2, 0.040455
MergeSort, OpenMP, 8, 2, 0.009276
MergeSort, OpenMP, 16, 2, 0.020995
MergeSort, OpenMP, 32, 2, 0.022662
MergeSort, OpenMP, 64, 2, 0.014912
MergeSort, OpenMP, 128, 2, 0.084990
MergeSort, OpenMP, 256, 2, 0.084805
MergeSort, OpenMP, 512, 2, 0.231051
QuickSort, OpenMP, 1, 2, 0.000005
QuickSort, OpenMP, 2, 2, 0.002542
QuickSort, OpenMP, 4, 2, 0.045292
QuickSort, OpenMP, 8, 2, 0.025940
QuickSort, OpenMP, 16, 2, 0.023379
QuickSort, OpenMP, 32, 2, 0.020162
QuickSort, OpenMP, 64, 2, 0.019161
QuickSort, OpenMP, 128, 2, 0.049036
QuickSort, OpenMP, 256, 2, 0.104404
QuickSort, OpenMP, 512, 2, 0.330112
Sample Sort, OpenMP, 1, 2, 0.000001
Sample Sort, OpenMP, 2, 2, 0.000000
Sample Sort, OpenMP, 4, 2, 0.000000
Sample Sort, OpenMP, 8, 2, 0.000000
Sample Sort, OpenMP, 16, 2, 0.000000
Sample Sort, OpenMP, 32, 2, 0.000000
Sample Sort, OpenMP, 64, 2, 0.000000
Sample Sort, OpenMP, 128, 2, 0.000000
Sample Sort, OpenMP, 256, 2, 0.000000
Sample Sort, OpenMP, 512, 2, 0.000000
TimSort, OpenMP, 1, 4, 0.000004
TimSort, OpenMP, 2, 4, 0.002551
TimSort, OpenMP, 4, 4, 0.041781
TimSort, OpenMP, 8, 4, 0.004787
TimSort, OpenMP, 16, 4, 0.007941
TimSort, OpenMP, 32, 4, 0.010263
TimSort, OpenMP, 64, 4, 0.023432
TimSort, OpenMP, 128, 4, 0.046577
TimSort, OpenMP, 256, 4, 0.110116
TimSort, OpenMP, 512, 4, 0.216697
Bitonic Sort, OpenMP, 1, 4, 0.000004
Bitonic Sort, OpenMP, 2, 4, 0.001736
Bitonic Sort, OpenMP, 4, 4, 0.035205
Bitonic Sort, OpenMP, 8, 4, 0.005177
Bitonic Sort, OpenMP, 16, 4, 0.007215
Bitonic Sort, OpenMP, 32, 4, 0.004332
Bitonic Sort, OpenMP, 64, 4, 0.019134
Bitonic Sort, OpenMP, 128, 4, 0.032527
Bitonic Sort, OpenMP, 256, 4, 0.098706
Bitonic Sort, OpenMP, 512, 4, 0.155024
MergeSort, OpenMP, 1, 4, 0.000007
MergeSort, OpenMP, 2, 4, 0.002324
MergeSort, OpenMP, 4, 4, 0.042495
MergeSort, OpenMP, 8, 4, 0.008567
MergeSort, OpenMP, 16, 4, 0.005159
MergeSort, OpenMP, 32, 4, 0.006854
MergeSort, OpenMP, 64, 4, 0.021135
MergeSort, OpenMP, 128, 4, 0.055125
MergeSort, OpenMP, 256, 4, 0.049172
MergeSort, OpenMP, 512, 4, 0.168425
QuickSort, OpenMP, 1, 4, 0.000004
QuickSort, OpenMP, 2, 4, 0.005392
QuickSort, OpenMP, 4, 4, 0.017410
QuickSort, OpenMP, 8, 4, 0.009208
QuickSort, OpenMP, 16, 4, 0.014869
QuickSort, OpenMP, 32, 4, 0.015927
QuickSort, OpenMP, 64, 4, 0.026053
QuickSort, OpenMP, 128, 4, 0.044562
QuickSort, OpenMP, 256, 4, 0.059831
QuickSort, OpenMP, 512, 4, 0.126574
Sample Sort, OpenMP, 1, 4, 0.000001
Sample Sort, OpenMP, 2, 4, 0.000000
Sample Sort, OpenMP, 4, 4, 0.000000
Sample Sort, OpenMP, 8, 4, 0.000000
Sample Sort, OpenMP, 16, 4, 0.000000
Sample Sort, OpenMP, 32, 4, 0.000000
Sample Sort, OpenMP, 64, 4, 0.000000
Sample Sort, OpenMP, 128, 4, 0.000000
Sample Sort, OpenMP, 256, 4, 0.000000
Sample Sort, OpenMP, 512, 4, 0.000000
TimSort, OpenMP, 1, 8, 0.000003
TimSort, OpenMP, 2, 8, 0.006417
TimSort, OpenMP, 4, 8, 0.028529
TimSort, OpenMP, 8, 8, 0.012072
TimSort, OpenMP, 16, 8, 0.002870
TimSort, OpenMP, 32, 8, 0.010440
TimSort, OpenMP, 64, 8, 0.015274
TimSort, OpenMP, 128, 8, 0.129347
TimSort, OpenMP, 256, 8, 0.094069
TimSort, OpenMP, 512, 8, 0.218148
Bitonic Sort, OpenMP, 1, 8, 0.000006
Bitonic Sort, OpenMP, 2, 8, 0.002532
Bitonic Sort, OpenMP, 4, 8, 0.017512
Bitonic Sort, OpenMP, 8, 8, 0.028987
Bitonic Sort, OpenMP, 16, 8, 0.008228
Bitonic Sort, OpenMP, 32, 8, 0.025084
Bitonic Sort, OpenMP, 64, 8, 0.026357
Bitonic Sort, OpenMP, 128, 8, 0.022634
Bitonic Sort, OpenMP, 256, 8, 0.107057
Bitonic Sort, OpenMP, 512, 8, 0.229170
MergeSort, OpenMP, 1, 8, 0.000009
MergeSort, OpenMP, 2, 8, 0.005803
MergeSort, OpenMP, 4, 8, 0.039311
MergeSort, OpenMP, 8, 8, 0.009608
MergeSort, OpenMP, 16, 8, 0.010529
MergeSort, OpenMP, 32, 8, 0.019011
MergeSort, OpenMP, 64, 8, 0.037719
MergeSort, OpenMP, 128, 8, 0.086086
MergeSort, OpenMP, 256, 8, 0.085781
MergeSort, OpenMP, 512, 8, 0.257144
QuickSort, OpenMP, 1, 8, 0.000006
QuickSort, OpenMP, 2, 8, 0.001257
QuickSort, OpenMP, 4, 8, 0.038943
QuickSort, OpenMP, 8, 8, 0.007438
QuickSort, OpenMP, 16, 8, 0.010505
QuickSort, OpenMP, 32, 8, 0.005607
QuickSort, OpenMP, 64, 8, 0.015310
QuickSort, OpenMP, 128, 8, 0.031189
QuickSort, OpenMP, 256, 8, 0.060795
QuickSort, OpenMP, 512, 8, 0.195209
Sample Sort, OpenMP, 1, 8, 0.000001
Sample Sort, OpenMP, 2, 8, 0.000000
Sample Sort, OpenMP, 4, 8, 0.000000
Sample Sort, OpenMP, 8, 8, 0.000000
Sample Sort, OpenMP, 16, 8, 0.000000
Sample Sort, OpenMP, 32, 8, 0.000000
Sample Sort, OpenMP, 64, 8, 0.000000
Sample Sort, OpenMP, 128, 8, 0.000000
Sample Sort, OpenMP, 256, 8, 0.000000
Sample Sort, OpenMP, 512, 8, 0.000000
TimSort, OpenMP, 1, 16, 0.000003
TimSort, OpenMP, 2, 16, 0.002302
TimSort, OpenMP, 4, 16, 0.132015
TimSort, OpenMP, 8, 16, 0.020644
TimSort, OpenMP, 16, 16, 0.020957
TimSort, OpenMP, 32, 16, 0.014813
TimSort, OpenMP, 64, 16, 0.024249
TimSort, OpenMP, 128, 16, 0.041481
TimSort, OpenMP, 256, 16, 0.056691
TimSort, OpenMP, 512, 16, 0.128991
Bitonic Sort, OpenMP, 1, 16, 0.000011
Bitonic Sort, OpenMP, 2, 16, 0.001515
Bitonic Sort, OpenMP, 4, 16, 0.032491
Bitonic Sort, OpenMP, 8, 16, 0.006008
Bitonic Sort, OpenMP, 16, 16, 0.005932
Bitonic Sort, OpenMP, 32, 16, 0.005610
Bitonic Sort, OpenMP, 64, 16, 0.011063
Bitonic Sort, OpenMP, 128, 16, 0.032295
Bitonic Sort, OpenMP, 256, 16, 0.072337
Bitonic Sort, OpenMP, 512, 16, 0.112281
MergeSort, OpenMP, 1, 16, 0.000010
MergeSort, OpenMP, 2, 16, 0.000977
MergeSort, OpenMP, 4, 16, 0.059776
MergeSort, OpenMP, 8, 16, 0.006144
MergeSort, OpenMP, 16, 16, 0.003737
MergeSort, OpenMP, 32, 16, 0.005801
MergeSort, OpenMP, 64, 16, 0.016966
MergeSort, OpenMP, 128, 16, 0.020944
MergeSort, OpenMP, 256, 16, 0.059913
MergeSort, OpenMP, 512, 16, 0.121827
QuickSort, OpenMP, 1, 16, 0.000012
QuickSort, OpenMP, 2, 16, 0.008205
QuickSort, OpenMP, 4, 16, 0.029322
QuickSort, OpenMP, 8, 16, 0.006316
QuickSort, OpenMP, 16, 16, 0.018627
QuickSort, OpenMP, 32, 16, 0.006035
QuickSort, OpenMP, 64, 16, 0.016110
QuickSort, OpenMP, 128, 16, 0.020602
QuickSort, OpenMP, 256, 16, 0.077468
QuickSort, OpenMP, 512, 16, 0.145859
Sample Sort, OpenMP, 1, 16, 0.000001
Sample Sort, OpenMP, 2, 16, 0.000001
Sample Sort, OpenMP, 4, 16, 0.000001
Sample Sort, OpenMP, 8, 16, 0.000001
Sample Sort, OpenMP, 16, 16, 0.000001
Sample Sort, OpenMP, 32, 16, 0.000001
Sample Sort, OpenMP, 64, 16, 0.000001
Sample Sort, OpenMP, 128, 16, 0.000001
Sample Sort, OpenMP, 256, 16, 0.000001
Sample Sort, OpenMP, 512, 16, 0.000001
TimSort, OpenMP, 1, 32, 0.000004
TimSort, OpenMP, 2, 32, 0.001867
TimSort, OpenMP, 4, 32, 0.039357
TimSort, OpenMP, 8, 32, 0.016151
TimSort, OpenMP, 16, 32, 0.006425
TimSort, OpenMP, 32, 32, 0.012553
TimSort, OpenMP, 64, 32, 0.014569
TimSort, OpenMP, 128, 32, 0.035843
TimSort, OpenMP, 256, 32, 0.124396
TimSort, OpenMP, 512, 32, 0.156425
Bitonic Sort, OpenMP, 1, 32, 0.000052
Bitonic Sort, OpenMP, 2, 32, 0.001721
Bitonic Sort, OpenMP, 4, 32, 0.037814
Bitonic Sort, OpenMP, 8, 32, 0.011417
Bitonic Sort, OpenMP, 16, 32, 0.003627
Bitonic Sort, OpenMP, 32, 32, 0.007858
Bitonic Sort, OpenMP, 64, 32, 0.027898
Bitonic Sort, OpenMP, 128, 32, 0.036741
Bitonic Sort, OpenMP, 256, 32, 0.075026
Bitonic Sort, OpenMP, 512, 32, 0.165324
MergeSort, OpenMP, 1, 32, 0.000024
MergeSort, OpenMP, 2, 32, 0.002353
MergeSort, OpenMP, 4, 32, 0.030499
MergeSort, OpenMP, 8, 32, 0.003705
MergeSort, OpenMP, 16, 32, 0.010110
MergeSort, OpenMP, 32, 32, 0.004652
MergeSort, OpenMP, 64, 32, 0.009236
MergeSort, OpenMP, 128, 32, 0.024831
MergeSort, OpenMP, 256, 32, 0.076581
MergeSort, OpenMP, 512, 32, 0.136736
QuickSort, OpenMP, 1, 32, 0.000016
QuickSort, OpenMP, 2, 32, 0.008560
QuickSort, OpenMP, 4, 32, 0.055480
QuickSort, OpenMP, 8, 32, 0.007165
QuickSort, OpenMP, 16, 32, 0.002816
QuickSort, OpenMP, 32, 32, 0.010240
QuickSort, OpenMP, 64, 32, 0.019565
QuickSort, OpenMP, 128, 32, 0.061576
QuickSort, OpenMP, 256, 32, 0.116389
QuickSort, OpenMP, 512, 32, 0.145038
Sample Sort, OpenMP, 1, 32, 0.000002
Sample Sort, OpenMP, 2, 32, 0.000002
Sample Sort, OpenMP, 4, 32, 0.000002
Sample Sort, OpenMP, 8, 32, 0.000002
Sample Sort, OpenMP, 16, 32, 0.000002
Sample Sort, OpenMP, 32, 32, 0.000002
Sample Sort, OpenMP, 64, 32, 0.000002
Sample Sort, OpenMP, 128, 32, 0.000002
Sample Sort, OpenMP, 256, 32, 0.000002
Sample Sort, OpenMP, 512, 32, 0.000002
TimSort, OpenMP, 1, 64, 0.000007
TimSort, OpenMP, 2, 64, 0.002100
TimSort, OpenMP, 4, 64, 0.029992
TimSort, OpenMP, 8, 64, 0.011892
TimSort, OpenMP, 16, 64, 0.009957
TimSort, OpenMP, 32, 64, 0.006210
TimSort, OpenMP, 64, 64, 0.008571
TimSort, OpenMP, 128, 64, 0.018661
TimSort, OpenMP, 256, 64, 0.056682
TimSort, OpenMP, 512, 64, 0.137200
Bitonic Sort, OpenMP, 1, 64, 0.000036
Bitonic Sort, OpenMP, 2, 64, 0.005174
Bitonic Sort, OpenMP, 4, 64, 0.041515
Bitonic Sort, OpenMP, 8, 64, 0.013047
Bitonic Sort, OpenMP, 16, 64, 0.005368
Bitonic Sort, OpenMP, 32, 64, 0.013677
Bitonic Sort, OpenMP, 64, 64, 0.015131
Bitonic Sort, OpenMP, 128, 64, 0.031656
Bitonic Sort, OpenMP, 256, 64, 0.052582
Bitonic Sort, OpenMP, 512, 64, 0.113095
MergeSort, OpenMP, 1, 64, 0.000033
MergeSort, OpenMP, 2, 64, 0.002010
MergeSort, OpenMP, 4, 64, 0.035818
MergeSort, OpenMP, 8, 64, 0.011793
MergeSort, OpenMP, 16, 64, 0.005584
MergeSort, OpenMP, 32, 64, 0.004131
MergeSort, OpenMP, 64, 64, 0.015200
MergeSort, OpenMP, 128, 64, 0.037652
MergeSort, OpenMP, 256, 64, 0.068848
MergeSort, OpenMP, 512, 64, 0.118495
QuickSort, OpenMP, 1, 64, 0.000026
QuickSort, OpenMP, 2, 64, 0.002121
QuickSort, OpenMP, 4, 64, 0.032186
QuickSort, OpenMP, 8, 64, 0.009413
QuickSort, OpenMP, 16, 64, 0.006842
QuickSort, OpenMP, 32, 64, 0.006081
QuickSort, OpenMP, 64, 64, 0.010201
QuickSort, OpenMP, 128, 64, 0.016261
QuickSort, OpenMP, 256, 64, 0.046650
QuickSort, OpenMP, 512, 64, 0.237460
Sample Sort, OpenMP, 1, 64, 0.000006
Sample Sort, OpenMP, 2, 64, 0.000004
Sample Sort, OpenMP, 4, 64, 0.000004
Sample Sort, OpenMP, 8, 64, 0.000005
Sample Sort, OpenMP, 16, 64, 0.000004
Sample Sort, OpenMP, 32, 64, 0.000004
Sample Sort, OpenMP, 64, 64, 0.000005
Sample Sort, OpenMP, 128, 64, 0.000004
Sample Sort, OpenMP, 256, 64, 0.000004
Sample Sort, OpenMP, 512, 64, 0.000004
TimSort, OpenMP, 1, 128, 0.000014
TimSort, OpenMP, 2, 128, 0.002367
TimSort, OpenMP, 4, 128, 0.034863
TimSort, OpenMP, 8, 128, 0.019932
TimSort, OpenMP, 16, 128, 0.006493
TimSort, OpenMP, 32, 128, 0.007199
TimSort, OpenMP, 64, 128, 0.011517
TimSort, OpenMP, 128, 128, 0.032060
TimSort, OpenMP, 256, 128, 0.070861
TimSort, OpenMP, 512, 128, 0.164977
Bitonic Sort, OpenMP, 1, 128, 0.000090
Bitonic Sort, OpenMP, 2, 128, 0.005407
Bitonic Sort, OpenMP, 4, 128, 0.064174
Bitonic Sort, OpenMP, 8, 128, 0.020123
Bitonic Sort, OpenMP, 16, 128, 0.003959
Bitonic Sort, OpenMP, 32, 128, 0.019479
Bitonic Sort, OpenMP, 64, 128, 0.026538
Bitonic Sort, OpenMP, 128, 128, 0.055979
Bitonic Sort, OpenMP, 256, 128, 0.100946
Bitonic Sort, OpenMP, 512, 128, 0.139242
MergeSort, OpenMP, 1, 128, 0.000072
MergeSort, OpenMP, 2, 128, 0.001076
MergeSort, OpenMP, 4, 128, 0.048701
MergeSort, OpenMP, 8, 128, 0.005448
MergeSort, OpenMP, 16, 128, 0.010203
MergeSort, OpenMP, 32, 128, 0.005605
MergeSort, OpenMP, 64, 128, 0.030875
MergeSort, OpenMP, 128, 128, 0.043645
MergeSort, OpenMP, 256, 128, 0.065424
MergeSort, OpenMP, 512, 128, 0.143541
QuickSort, OpenMP, 1, 128, 0.000058
QuickSort, OpenMP, 2, 128, 0.002710
QuickSort, OpenMP, 4, 128, 0.035979
QuickSort, OpenMP, 8, 128, 0.010974
QuickSort, OpenMP, 16, 128, 0.004286
QuickSort, OpenMP, 32, 128, 0.005555
QuickSort, OpenMP, 64, 128, 0.009505
QuickSort, OpenMP, 128, 128, 0.022199
QuickSort, OpenMP, 256, 128, 0.073029
QuickSort, OpenMP, 512, 128, 0.116675
Sample Sort, OpenMP, 1, 128, 0.000024
Sample Sort, OpenMP, 2, 128, 0.000010
Sample Sort, OpenMP, 4, 128, 0.000010
Sample Sort, OpenMP, 8, 128, 0.000010
Sample Sort, OpenMP, 16, 128, 0.000009
Sample Sort, OpenMP, 32, 128, 0.000013
Sample Sort, OpenMP, 64, 128, 0.000012
Sample Sort, OpenMP, 128, 128, 0.000012
Sample Sort, OpenMP, 256, 128, 0.000013
Sample Sort, OpenMP, 512, 128, 0.000011
TimSort, OpenMP, 1, 256, 0.000032
TimSort, OpenMP, 2, 256, 0.002565
TimSort, OpenMP, 4, 256, 0.057968
TimSort, OpenMP, 8, 256, 0.028939
TimSort, OpenMP, 16, 256, 0.005613
TimSort, OpenMP, 32, 256, 0.007920
TimSort, OpenMP, 64, 256, 0.013422
TimSort, OpenMP, 128, 256, 0.023237
TimSort, OpenMP, 256, 256, 0.070916
TimSort, OpenMP, 512, 256, 0.170091
Bitonic Sort, OpenMP, 1, 256, 0.000219
Bitonic Sort, OpenMP, 2, 256, 0.003195
Bitonic Sort, OpenMP, 4, 256, 0.019393
Bitonic Sort, OpenMP, 8, 256, 0.032296
Bitonic Sort, OpenMP, 16, 256, 0.010164
Bitonic Sort, OpenMP, 32, 256, 0.014924
Bitonic Sort, OpenMP, 64, 256, 0.052080
Bitonic Sort, OpenMP, 128, 256, 0.022251
Bitonic Sort, OpenMP, 256, 256, 0.047054
Bitonic Sort, OpenMP, 512, 256, 0.138060
MergeSort, OpenMP, 1, 256, 0.000140
MergeSort, OpenMP, 2, 256, 0.002853
MergeSort, OpenMP, 4, 256, 0.061281
MergeSort, OpenMP, 8, 256, 0.024154
MergeSort, OpenMP, 16, 256, 0.004716
MergeSort, OpenMP, 32, 256, 0.009887
MergeSort, OpenMP, 64, 256, 0.031159
MergeSort, OpenMP, 128, 256, 0.072525
MergeSort, OpenMP, 256, 256, 0.193522
MergeSort, OpenMP, 512, 256, 0.289441
QuickSort, OpenMP, 1, 256, 0.000095
QuickSort, OpenMP, 2, 256, 0.010121
QuickSort, OpenMP, 4, 256, 0.101853
QuickSort, OpenMP, 8, 256, 0.015989
QuickSort, OpenMP, 16, 256, 0.016621
QuickSort, OpenMP, 32, 256, 0.022258
QuickSort, OpenMP, 64, 256, 0.057339
QuickSort, OpenMP, 128, 256, 0.120509
QuickSort, OpenMP, 256, 256, 0.120407
QuickSort, OpenMP, 512, 256, 0.257574
Sample Sort, OpenMP, 1, 256, 0.000031
Sample Sort, OpenMP, 2, 256, 0.000021
Sample Sort, OpenMP, 4, 256, 0.000020
Sample Sort, OpenMP, 8, 256, 0.000019
Sample Sort, OpenMP, 16, 256, 0.000023
Sample Sort, OpenMP, 32, 256, 0.000019
Sample Sort, OpenMP, 64, 256, 0.000019
Sample Sort, OpenMP, 128, 256, 0.000019
Sample Sort, OpenMP, 256, 256, 0.000036
Sample Sort, OpenMP, 512, 256, 0.000019
TimSort, OpenMP, 1, 512, 0.000046
TimSort, OpenMP, 2, 512, 0.008261
TimSort, OpenMP, 4, 512, 0.037828
TimSort, OpenMP, 8, 512, 0.067695
TimSort, OpenMP, 16, 512, 0.006282
TimSort, OpenMP, 32, 512, 0.030247
TimSort, OpenMP, 64, 512, 0.062314
TimSort, OpenMP, 128, 512, 0.098788
TimSort, OpenMP, 256, 512, 0.099533
TimSort, OpenMP, 512, 512, 0.192295
Bitonic Sort, OpenMP, 1, 512, 0.000482
Bitonic Sort, OpenMP, 2, 512, 0.015646
Bitonic Sort, OpenMP, 4, 512, 0.026976
Bitonic Sort, OpenMP, 8, 512, 0.008457
Bitonic Sort, OpenMP, 16, 512, 0.006286
Bitonic Sort, OpenMP, 32, 512, 0.015836
Bitonic Sort, OpenMP, 64, 512, 0.036446
Bitonic Sort, OpenMP, 128, 512, 0.049291
Bitonic Sort, OpenMP, 256, 512, 0.138177
Bitonic Sort, OpenMP, 512, 512, 0.259811
MergeSort, OpenMP, 1, 512, 0.000285
MergeSort, OpenMP, 2, 512, 0.002191
MergeSort, OpenMP, 4, 512, 0.059079
MergeSort, OpenMP, 8, 512, 0.010980
MergeSort, OpenMP, 16, 512, 0.008863
MergeSort, OpenMP, 32, 512, 0.005428
MergeSort, OpenMP, 64, 512, 0.012639
MergeSort, OpenMP, 128, 512, 0.042373
MergeSort, OpenMP, 256, 512, 0.073778
MergeSort, OpenMP, 512, 512, 0.143347
QuickSort, OpenMP, 1, 512, 0.000287
QuickSort, OpenMP, 2, 512, 0.008637
QuickSort, OpenMP, 4, 512, 0.046555
QuickSort, OpenMP, 8, 512, 0.010842
QuickSort, OpenMP, 16, 512, 0.014995
QuickSort, OpenMP, 32, 512, 0.005071
QuickSort, OpenMP, 64, 512, 0.009109
QuickSort, OpenMP, 128, 512, 0.032706
QuickSort, OpenMP, 256, 512, 0.286155
QuickSort, OpenMP, 512, 512, 0.295707
Sample Sort, OpenMP, 1, 512, 0.000045
Sample Sort, OpenMP, 2, 512, 0.000043
Sample Sort, OpenMP, 4, 512, 0.000043
Sample Sort, OpenMP, 8, 512, 0.000046
Sample Sort, OpenMP, 16, 512, 0.000043
Sample Sort, OpenMP, 32, 512, 0.000045
Sample Sort, OpenMP, 64, 512, 0.000044
Sample Sort, OpenMP, 128, 512, 0.000064
Sample Sort, OpenMP, 256, 512, 0.000044
Sample Sort, OpenMP, 512, 512, 0.000044
TimSort, OpenMP, 1, 1024, 0.000109
TimSort, OpenMP, 2, 1024, 0.008845
TimSort, OpenMP, 4, 1024, 0.052196
TimSort, OpenMP, 8, 1024, 0.038104
TimSort, OpenMP, 16, 1024, 0.008338
TimSort, OpenMP, 32, 1024, 0.010135
TimSort, OpenMP, 64, 1024, 0.036237
TimSort, OpenMP, 128, 1024, 0.056920
TimSort, OpenMP, 256, 1024, 0.125672
TimSort, OpenMP, 512, 1024, 0.272909
Bitonic Sort, OpenMP, 1, 1024, 0.001216
Bitonic Sort, OpenMP, 2, 1024, 0.011217
Bitonic Sort, OpenMP, 4, 1024, 0.001777
Bitonic Sort, OpenMP, 8, 1024, 0.049470
Bitonic Sort, OpenMP, 16, 1024, 0.021149
Bitonic Sort, OpenMP, 32, 1024, 0.014625
Bitonic Sort, OpenMP, 64, 1024, 0.030268
Bitonic Sort, OpenMP, 128, 1024, 0.044248
Bitonic Sort, OpenMP, 256, 1024, 0.098015
Bitonic Sort, OpenMP, 512, 1024, 0.283487
MergeSort, OpenMP, 1, 1024, 0.000603
MergeSort, OpenMP, 2, 1024, 0.002320
MergeSort, OpenMP, 4, 1024, 0.041483
MergeSort, OpenMP, 8, 1024, 0.009426
MergeSort, OpenMP, 16, 1024, 0.004837
MergeSort, OpenMP, 32, 1024, 0.007010
MergeSort, OpenMP, 64, 1024, 0.029896
MergeSort, OpenMP, 128, 1024, 0.039264
MergeSort, OpenMP, 256, 1024, 0.069839
MergeSort, OpenMP, 512, 1024, 0.361533
QuickSort, OpenMP, 1, 1024, 0.000625
QuickSort, OpenMP, 2, 1024, 0.006820
QuickSort, OpenMP, 4, 1024, 0.007219
QuickSort, OpenMP, 8, 1024, 0.029644
QuickSort, OpenMP, 16, 1024, 0.010741
QuickSort, OpenMP, 32, 1024, 0.005254
QuickSort, OpenMP, 64, 1024, 0.010208
QuickSort, OpenMP, 128, 1024, 0.024134
QuickSort, OpenMP, 256, 1024, 0.102615
QuickSort, OpenMP, 512, 1024, 0.258192
Sample Sort, OpenMP, 1, 1024, 0.000122
Sample Sort, OpenMP, 2, 1024, 0.001535
Sample Sort, OpenMP, 4, 1024, 0.083715
Sample Sort, OpenMP, 8, 1024, 0.030203
Sample Sort, OpenMP, 16, 1024, 0.010330
Sample Sort, OpenMP, 32, 1024, 0.009796
Sample Sort, OpenMP, 64, 1024, 0.017235
Sample Sort, OpenMP, 128, 1024, 0.039104
Sample Sort, OpenMP, 256, 1024, 0.154550
Sample Sort, OpenMP, 512, 1024, 0.228136
TimSort, OpenMP, 1, 2048, 0.000330
TimSort, OpenMP, 2, 2048, 0.002018
TimSort, OpenMP, 4, 2048, 0.071430
TimSort, OpenMP, 8, 2048, 0.031906
TimSort, OpenMP, 16, 2048, 0.016181
TimSort, OpenMP, 32, 2048, 0.008677
TimSort, OpenMP, 64, 2048, 0.027761
TimSort, OpenMP, 128, 2048, 0.057823
TimSort, OpenMP, 256, 2048, 0.165888
TimSort, OpenMP, 512, 2048, 0.301894
Bitonic Sort, OpenMP, 1, 2048, 0.002110
Bitonic Sort, OpenMP, 2, 2048, 0.008419
Bitonic Sort, OpenMP, 4, 2048, 0.004843
Bitonic Sort, OpenMP, 8, 2048, 0.063150
Bitonic Sort, OpenMP, 16, 2048, 0.004864
Bitonic Sort, OpenMP, 32, 2048, 0.007925
Bitonic Sort, OpenMP, 64, 2048, 0.012532
Bitonic Sort, OpenMP, 128, 2048, 0.024959
Bitonic Sort, OpenMP, 256, 2048, 0.052598
Bitonic Sort, OpenMP, 512, 2048, 0.122728
MergeSort, OpenMP, 1, 2048, 0.001616
MergeSort, OpenMP, 2, 2048, 0.009205
MergeSort, OpenMP, 4, 2048, 0.034454
MergeSort, OpenMP, 8, 2048, 0.011879
MergeSort, OpenMP, 16, 2048, 0.011488
MergeSort, OpenMP, 32, 2048, 0.012323
MergeSort, OpenMP, 64, 2048, 0.024913
MergeSort, OpenMP, 128, 2048, 0.024471
MergeSort, OpenMP, 256, 2048, 0.052562
MergeSort, OpenMP, 512, 2048, 0.150757
QuickSort, OpenMP, 1, 2048, 0.000822
QuickSort, OpenMP, 2, 2048, 0.010226
QuickSort, OpenMP, 4, 2048, 0.001563
QuickSort, OpenMP, 8, 2048, 0.026912
QuickSort, OpenMP, 16, 2048, 0.003169
QuickSort, OpenMP, 32, 2048, 0.004988
QuickSort, OpenMP, 64, 2048, 0.012037
QuickSort, OpenMP, 128, 2048, 0.032499
QuickSort, OpenMP, 256, 2048, 0.060139
QuickSort, OpenMP, 512, 2048, 0.148937
Sample Sort, OpenMP, 1, 2048, 0.000342
Sample Sort, OpenMP, 2, 2048, 0.007340
Sample Sort, OpenMP, 4, 2048, 0.024155
Sample Sort, OpenMP, 8, 2048, 0.026717
Sample Sort, OpenMP, 16, 2048, 0.005243
Sample Sort, OpenMP, 32, 2048, 0.006766
Sample Sort, OpenMP, 64, 2048, 0.012442
Sample Sort, OpenMP, 128, 2048, 0.019287
Sample Sort, OpenMP, 256, 2048, 0.074467
Sample Sort, OpenMP, 512, 2048, 0.146007
TimSort, OpenMP, 1, 4096, 0.000505
TimSort, OpenMP, 2, 4096, 0.007802
TimSort, OpenMP, 4, 4096, 0.031963
TimSort, OpenMP, 8, 4096, 0.040646
TimSort, OpenMP, 16, 4096, 0.010469
TimSort, OpenMP, 32, 4096, 0.035106
TimSort, OpenMP, 64, 4096, 0.027250
TimSort, OpenMP, 128, 4096, 0.068740
TimSort, OpenMP, 256, 4096, 0.081319
TimSort, OpenMP, 512, 4096, 0.227429
Bitonic Sort, OpenMP, 1, 4096, 0.010597
Bitonic Sort, OpenMP, 2, 4096, 0.013272
Bitonic Sort, OpenMP, 4, 4096, 0.042382
Bitonic Sort, OpenMP, 8, 4096, 0.020103
Bitonic Sort, OpenMP, 16, 4096, 0.017642
Bitonic Sort, OpenMP, 32, 4096, 0.015995
Bitonic Sort, OpenMP, 64, 4096, 0.038388
Bitonic Sort, OpenMP, 128, 4096, 0.049023
Bitonic Sort, OpenMP, 256, 4096, 0.140496
Bitonic Sort, OpenMP, 512, 4096, 0.214666
MergeSort, OpenMP, 1, 4096, 0.002299
MergeSort, OpenMP, 2, 4096, 0.012222
MergeSort, OpenMP, 4, 4096, 0.034108
MergeSort, OpenMP, 8, 4096, 0.010017
MergeSort, OpenMP, 16, 4096, 0.015326
MergeSort, OpenMP, 32, 4096, 0.013552
MergeSort, OpenMP, 64, 4096, 0.012973
MergeSort, OpenMP, 128, 4096, 0.051377
MergeSort, OpenMP, 256, 4096, 0.120179
MergeSort, OpenMP, 512, 4096, 0.169695
QuickSort, OpenMP, 1, 4096, 0.002236
QuickSort, OpenMP, 2, 4096, 0.003961
QuickSort, OpenMP, 4, 4096, 0.025275
QuickSort, OpenMP, 8, 4096, 0.019064
QuickSort, OpenMP, 16, 4096, 0.011521
QuickSort, OpenMP, 32, 4096, 0.019821
QuickSort, OpenMP, 64, 4096, 0.015904
QuickSort, OpenMP, 128, 4096, 0.047981
QuickSort, OpenMP, 256, 4096, 0.121792
QuickSort, OpenMP, 512, 4096, 0.295627
Sample Sort, OpenMP, 1, 4096, 0.000860
Sample Sort, OpenMP, 2, 4096, 0.012732
Sample Sort, OpenMP, 4, 4096, 0.039334
Sample Sort, OpenMP, 8, 4096, 0.023855
Sample Sort, OpenMP, 16, 4096, 0.008604
Sample Sort, OpenMP, 32, 4096, 0.026271
Sample Sort, OpenMP, 64, 4096, 0.035895
Sample Sort, OpenMP, 128, 4096, 0.033323
Sample Sort, OpenMP, 256, 4096, 0.089534
Sample Sort, OpenMP, 512, 4096, 0.120546
TimSort, OpenMP, 1, 8192, 0.001160
TimSort, OpenMP, 2, 8192, 0.010810
TimSort, OpenMP, 4, 8192, 0.056485
TimSort, OpenMP, 8, 8192, 0.059668
TimSort, OpenMP, 16, 8192, 0.011061
TimSort, OpenMP, 32, 8192, 0.015702
TimSort, OpenMP, 64, 8192, 0.032575
TimSort, OpenMP, 128, 8192, 0.046347
TimSort, OpenMP, 256, 8192, 0.115831
TimSort, OpenMP, 512, 8192, 0.250301
Bitonic Sort, OpenMP, 1, 8192, 0.014860
Bitonic Sort, OpenMP, 2, 8192, 0.018772
Bitonic Sort, OpenMP, 4, 8192, 0.029661
Bitonic Sort, OpenMP, 8, 8192, 0.031384
Bitonic Sort, OpenMP, 16, 8192, 0.017979
Bitonic Sort, OpenMP, 32, 8192, 0.013280
Bitonic Sort, OpenMP, 64, 8192, 0.020964
Bitonic Sort, OpenMP, 128, 8192, 0.047687
Bitonic Sort, OpenMP, 256, 8192, 0.214379
Bitonic Sort, OpenMP, 512, 8192, 0.238986
MergeSort, OpenMP, 1, 8192, 0.004731
MergeSort, OpenMP, 2, 8192, 0.009276
MergeSort, OpenMP, 4, 8192, 0.038946
MergeSort, OpenMP, 8, 8192, 0.017069
MergeSort, OpenMP, 16, 8192, 0.015703
MergeSort, OpenMP, 32, 8192, 0.013000
MergeSort, OpenMP, 64, 8192, 0.018661
MergeSort, OpenMP, 128, 8192, 0.042089
MergeSort, OpenMP, 256, 8192, 0.083531
MergeSort, OpenMP, 512, 8192, 0.218654
QuickSort, OpenMP, 1, 8192, 0.003210
QuickSort, OpenMP, 2, 8192, 0.014961
QuickSort, OpenMP, 4, 8192, 0.063660
QuickSort, OpenMP, 8, 8192, 0.016837
QuickSort, OpenMP, 16, 8192, 0.016698
QuickSort, OpenMP, 32, 8192, 0.026338
QuickSort, OpenMP, 64, 8192, 0.022003
QuickSort, OpenMP, 128, 8192, 0.021712
QuickSort, OpenMP, 256, 8192, 0.050196
QuickSort, OpenMP, 512, 8192, 0.130944
Sample Sort, OpenMP, 1, 8192, 0.001890
Sample Sort, OpenMP, 2, 8192, 0.010255
Sample Sort, OpenMP, 4, 8192, 0.030734
Sample Sort, OpenMP, 8, 8192, 0.027193
Sample Sort, OpenMP, 16, 8192, 0.005491
Sample Sort, OpenMP, 32, 8192, 0.007027
Sample Sort, OpenMP, 64, 8192, 0.023660
Sample Sort, OpenMP, 128, 8192, 0.046577
Sample Sort, OpenMP, 256, 8192, 0.071295
Sample Sort, OpenMP, 512, 8192, 0.256581
TimSort, OpenMP, 1, 16384, 0.003015
TimSort, OpenMP, 2, 16384, 0.012530
TimSort, OpenMP, 4, 16384, 0.087657
TimSort, OpenMP, 8, 16384, 0.082026
TimSort, OpenMP, 16, 16384, 0.019555
TimSort, OpenMP, 32, 16384, 0.029621
TimSort, OpenMP, 64, 16384, 0.043194
TimSort, OpenMP, 128, 16384, 0.053469
TimSort, OpenMP, 256, 16384, 0.112045
TimSort, OpenMP, 512, 16384, 0.196216
Bitonic Sort, OpenMP, 1, 16384, 0.027101
Bitonic Sort, OpenMP, 2, 16384, 0.078399
Bitonic Sort, OpenMP, 4, 16384, 0.038974
Bitonic Sort, OpenMP, 8, 16384, 0.020954
Bitonic Sort, OpenMP, 16, 16384, 0.011374
Bitonic Sort, OpenMP, 32, 16384, 0.011774
Bitonic Sort, OpenMP, 64, 16384, 0.022832
Bitonic Sort, OpenMP, 128, 16384, 0.029118
Bitonic Sort, OpenMP, 256, 16384, 0.069404
Bitonic Sort, OpenMP, 512, 16384, 0.122197
MergeSort, OpenMP, 1, 16384, 0.009610
MergeSort, OpenMP, 2, 16384, 0.016815
MergeSort, OpenMP, 4, 16384, 0.028561
MergeSort, OpenMP, 8, 16384, 0.012220
MergeSort, OpenMP, 16, 16384, 0.010392
MergeSort, OpenMP, 32, 16384, 0.013413
MergeSort, OpenMP, 64, 16384, 0.017338
MergeSort, OpenMP, 128, 16384, 0.036704
MergeSort, OpenMP, 256, 16384, 0.058699
MergeSort, OpenMP, 512, 16384, 0.264982
QuickSort, OpenMP, 1, 16384, 0.006382
QuickSort, OpenMP, 2, 16384, 0.011353
QuickSort, OpenMP, 4, 16384, 0.016658
QuickSort, OpenMP, 8, 16384, 0.012629
QuickSort, OpenMP, 16, 16384, 0.013840
QuickSort, OpenMP, 32, 16384, 0.011436
QuickSort, OpenMP, 64, 16384, 0.033295
QuickSort, OpenMP, 128, 16384, 0.033371
QuickSort, OpenMP, 256, 16384, 0.057958
QuickSort, OpenMP, 512, 16384, 0.151656
Sample Sort, OpenMP, 1, 16384, 0.003349
Sample Sort, OpenMP, 2, 16384, 0.012835
Sample Sort, OpenMP, 4, 16384, 0.031485
Sample Sort, OpenMP, 8, 16384, 0.026121
Sample Sort, OpenMP, 16, 16384, 0.006108
Sample Sort, OpenMP, 32, 16384, 0.013606
Sample Sort, OpenMP, 64, 16384, 0.011270
Sample Sort, OpenMP, 128, 16384, 0.021956
Sample Sort, OpenMP, 256, 16384, 0.059872
Sample Sort, OpenMP, 512, 16384, 0.168823
TimSort, OpenMP, 1, 32768, 0.004898
TimSort, OpenMP, 2, 32768, 0.012593
TimSort, OpenMP, 4, 32768, 0.049504
TimSort, OpenMP, 8, 32768, 0.066207
TimSort, OpenMP, 16, 32768, 0.010602
TimSort, OpenMP, 32, 32768, 0.012394
TimSort, OpenMP, 64, 32768, 0.037210
TimSort, OpenMP, 128, 32768, 0.082504
TimSort, OpenMP, 256, 32768, 0.097308
TimSort, OpenMP, 512, 32768, 0.229902
Bitonic Sort, OpenMP, 1, 32768, 0.037531
Bitonic Sort, OpenMP, 2, 32768, 0.042395
Bitonic Sort, OpenMP, 4, 32768, 0.028301
Bitonic Sort, OpenMP, 8, 32768, 0.028567
Bitonic Sort, OpenMP, 16, 32768, 0.023429
Bitonic Sort, OpenMP, 32, 32768, 0.028504
Bitonic Sort, OpenMP, 64, 32768, 0.065235
Bitonic Sort, OpenMP, 128, 32768, 0.077307
Bitonic Sort, OpenMP, 256, 32768, 0.108909
Bitonic Sort, OpenMP, 512, 32768, 0.473272
MergeSort, OpenMP, 1, 32768, 0.019883
MergeSort, OpenMP, 2, 32768, 0.029450
MergeSort, OpenMP, 4, 32768, 0.017704
MergeSort, OpenMP, 8, 32768, 0.019527
MergeSort, OpenMP, 16, 32768, 0.015682
MergeSort, OpenMP, 32, 32768, 0.016918
MergeSort, OpenMP, 64, 32768, 0.047768
MergeSort, OpenMP, 128, 32768, 0.102266
MergeSort, OpenMP, 256, 32768, 0.089690
MergeSort, OpenMP, 512, 32768, 0.179837
QuickSort, OpenMP, 1, 32768, 0.012712
QuickSort, OpenMP, 2, 32768, 0.035238
QuickSort, OpenMP, 4, 32768, 0.013803
QuickSort, OpenMP, 8, 32768, 0.014884
QuickSort, OpenMP, 16, 32768, 0.017981
QuickSort, OpenMP, 32, 32768, 0.019945
QuickSort, OpenMP, 64, 32768, 0.019208
QuickSort, OpenMP, 128, 32768, 0.029944
QuickSort, OpenMP, 256, 32768, 0.168911
QuickSort, OpenMP, 512, 32768, 0.277160
Sample Sort, OpenMP, 1, 32768, 0.006563
Sample Sort, OpenMP, 2, 32768, 0.027785
Sample Sort, OpenMP, 4, 32768, 0.029022
Sample Sort, OpenMP, 8, 32768, 0.015392
Sample Sort, OpenMP, 16, 32768, 0.012986
Sample Sort, OpenMP, 32, 32768, 0.011412
Sample Sort, OpenMP, 64, 32768, 0.031701
Sample Sort, OpenMP, 128, 32768, 0.049791
Sample Sort, OpenMP, 256, 32768, 0.115287
Sample Sort, OpenMP, 512, 32768, 0.152655
TimSort, OpenMP, 1, 65536, 0.009847
TimSort, OpenMP, 2, 65536, 0.019151
TimSort, OpenMP, 4, 65536, 0.045990
TimSort, OpenMP, 8, 65536, 0.082693
TimSort, OpenMP, 16, 65536, 0.016204
TimSort, OpenMP, 32, 65536, 0.025677
TimSort, OpenMP, 64, 65536, 0.042889
TimSort, OpenMP, 128, 65536, 0.065888
TimSort, OpenMP, 256, 65536, 0.155086
TimSort, OpenMP, 512, 65536, 0.288764
Bitonic Sort, OpenMP, 1, 65536, 0.079179
Bitonic Sort, OpenMP, 2, 65536, 0.065068
Bitonic Sort, OpenMP, 4, 65536, 0.047097
Bitonic Sort, OpenMP, 8, 65536, 0.057020
Bitonic Sort, OpenMP, 16, 65536, 0.051330
Bitonic Sort, OpenMP, 32, 65536, 0.051818
Bitonic Sort, OpenMP, 64, 65536, 0.076314
Bitonic Sort, OpenMP, 128, 65536, 0.069995
Bitonic Sort, OpenMP, 256, 65536, 0.096155
Bitonic Sort, OpenMP, 512, 65536, 0.211579
MergeSort, OpenMP, 1, 65536, 0.034568
MergeSort, OpenMP, 2, 65536, 0.044615
MergeSort, OpenMP, 4, 65536, 0.035963
MergeSort, OpenMP, 8, 65536, 0.025450
MergeSort, OpenMP, 16, 65536, 0.025440
MergeSort, OpenMP, 32, 65536, 0.041834
MergeSort, OpenMP, 64, 65536, 0.044913
MergeSort, OpenMP, 128, 65536, 0.073334
MergeSort, OpenMP, 256, 65536, 0.110166
MergeSort, OpenMP, 512, 65536, 0.292139
QuickSort, OpenMP, 1, 65536, 0.027147
QuickSort, OpenMP, 2, 65536, 0.040242
QuickSort, OpenMP, 4, 65536, 0.025128
QuickSort, OpenMP, 8, 65536, 0.027443
QuickSort, OpenMP, 16, 65536, 0.018217
QuickSort, OpenMP, 32, 65536, 0.034647
QuickSort, OpenMP, 64, 65536, 0.041110
QuickSort, OpenMP, 128, 65536, 0.051634
QuickSort, OpenMP, 256, 65536, 0.076968
QuickSort, OpenMP, 512, 65536, 0.161993
Sample Sort, OpenMP, 1, 65536, 0.017838
Sample Sort, OpenMP, 2, 65536, 0.034879
Sample Sort, OpenMP, 4, 65536, 0.024628
Sample Sort, OpenMP, 8, 65536, 0.032665
Sample Sort, OpenMP, 16, 65536, 0.018046
Sample Sort, OpenMP, 32, 65536, 0.023160
Sample Sort, OpenMP, 64, 65536, 0.021532
Sample Sort, OpenMP, 128, 65536, 0.058974
Sample Sort, OpenMP, 256, 65536, 0.091046
Sample Sort, OpenMP, 512, 65536, 0.218321
TimSort, OpenMP, 1, 131072, 0.025204
TimSort, OpenMP, 2, 131072, 0.048573
TimSort, OpenMP, 4, 131072, 0.020710
TimSort, OpenMP, 8, 131072, 0.077985
TimSort, OpenMP, 16, 131072, 0.026598
TimSort, OpenMP, 32, 131072, 0.039219
TimSort, OpenMP, 64, 131072, 0.057520
TimSort, OpenMP, 128, 131072, 0.090461
TimSort, OpenMP, 256, 131072, 0.190158
TimSort, OpenMP, 512, 131072, 0.404035
Bitonic Sort, OpenMP, 1, 131072, 0.155280
Bitonic Sort, OpenMP, 2, 131072, 0.127845
Bitonic Sort, OpenMP, 4, 131072, 0.106997
Bitonic Sort, OpenMP, 8, 131072, 0.108794
Bitonic Sort, OpenMP, 16, 131072, 0.113209
Bitonic Sort, OpenMP, 32, 131072, 0.135527
Bitonic Sort, OpenMP, 64, 131072, 0.162599
Bitonic Sort, OpenMP, 128, 131072, 0.121015
Bitonic Sort, OpenMP, 256, 131072, 0.144690
Bitonic Sort, OpenMP, 512, 131072, 0.243207
MergeSort, OpenMP, 1, 131072, 0.074120
MergeSort, OpenMP, 2, 131072, 0.071308
MergeSort, OpenMP, 4, 131072, 0.053008
MergeSort, OpenMP, 8, 131072, 0.046581
MergeSort, OpenMP, 16, 131072, 0.047228
MergeSort, OpenMP, 32, 131072, 0.062475
MergeSort, OpenMP, 64, 131072, 0.061338
MergeSort, OpenMP, 128, 131072, 0.073070
MergeSort, OpenMP, 256, 131072, 0.097748
MergeSort, OpenMP, 512, 131072, 0.216759
QuickSort, OpenMP, 1, 131072, 0.056095
QuickSort, OpenMP, 2, 131072, 0.052140
QuickSort, OpenMP, 4, 131072, 0.040117
QuickSort, OpenMP, 8, 131072, 0.045055
QuickSort, OpenMP, 16, 131072, 0.035155
QuickSort, OpenMP, 32, 131072, 0.050917
QuickSort, OpenMP, 64, 131072, 0.061379
QuickSort, OpenMP, 128, 131072, 0.121761
QuickSort, OpenMP, 256, 131072, 0.121794
QuickSort, OpenMP, 512, 131072, 0.180277
Sample Sort, OpenMP, 1, 131072, 0.038764
Sample Sort, OpenMP, 2, 131072, 0.042643
Sample Sort, OpenMP, 4, 131072, 0.024859
Sample Sort, OpenMP, 8, 131072, 0.033993
Sample Sort, OpenMP, 16, 131072, 0.030552
Sample Sort, OpenMP, 32, 131072, 0.031751
Sample Sort, OpenMP, 64, 131072, 0.037302
Sample Sort, OpenMP, 128, 131072, 0.072905
Sample Sort, OpenMP, 256, 131072, 0.080479
Sample Sort, OpenMP, 512, 131072, 0.149425
TimSort, OpenMP, 1, 262144, 0.051285
TimSort, OpenMP, 2, 262144, 0.067516
TimSort, OpenMP, 4, 262144, 0.110849
TimSort, OpenMP, 8, 262144, 0.130959
TimSort, OpenMP, 16, 262144, 0.049759
TimSort, OpenMP, 32, 262144, 0.040396
TimSort, OpenMP, 64, 262144, 0.084646
TimSort, OpenMP, 128, 262144, 0.081896
TimSort, OpenMP, 256, 262144, 0.175007
TimSort, OpenMP, 512, 262144, 0.246333
Bitonic Sort, OpenMP, 1, 262144, 0.387269
Bitonic Sort, OpenMP, 2, 262144, 0.269297
Bitonic Sort, OpenMP, 4, 262144, 0.227743
Bitonic Sort, OpenMP, 8, 262144, 0.252895
Bitonic Sort, OpenMP, 16, 262144, 0.280556
Bitonic Sort, OpenMP, 32, 262144, 0.219603
Bitonic Sort, OpenMP, 64, 262144, 0.244435
Bitonic Sort, OpenMP, 128, 262144, 0.270708
Bitonic Sort, OpenMP, 256, 262144, 0.308111
Bitonic Sort, OpenMP, 512, 262144, 0.382467
MergeSort, OpenMP, 1, 262144, 0.160050
MergeSort, OpenMP, 2, 262144, 0.115324
MergeSort, OpenMP, 4, 262144, 0.106757
MergeSort, OpenMP, 8, 262144, 0.102903
MergeSort, OpenMP, 16, 262144, 0.090795
MergeSort, OpenMP, 32, 262144, 0.101534
MergeSort, OpenMP, 64, 262144, 0.110008
MergeSort, OpenMP, 128, 262144, 0.125888
MergeSort, OpenMP, 256, 262144, 0.202193
MergeSort, OpenMP, 512, 262144, 0.228570
QuickSort, OpenMP, 1, 262144, 0.116703
QuickSort, OpenMP, 2, 262144, 0.112579
QuickSort, OpenMP, 4, 262144, 0.102702
QuickSort, OpenMP, 8, 262144, 0.099994
QuickSort, OpenMP, 16, 262144, 0.130247
QuickSort, OpenMP, 32, 262144, 0.119617
QuickSort, OpenMP, 64, 262144, 0.134589
QuickSort, OpenMP, 128, 262144, 0.096936
QuickSort, OpenMP, 256, 262144, 0.177745
QuickSort, OpenMP, 512, 262144, 0.257180
Sample Sort, OpenMP, 1, 262144, 0.061763
Sample Sort, OpenMP, 2, 262144, 0.105574
Sample Sort, OpenMP, 4, 262144, 0.074297
Sample Sort, OpenMP, 8, 262144, 0.054606
Sample Sort, OpenMP, 16, 262144, 0.048273
Sample Sort, OpenMP, 32, 262144, 0.053272
Sample Sort, OpenMP, 64, 262144, 0.069584
Sample Sort, OpenMP, 128, 262144, 0.084753
Sample Sort, OpenMP, 256, 262144, 0.135290
Sample Sort, OpenMP, 512, 262144, 0.281220
TimSort, OpenMP, 1, 524288, 0.108427
TimSort, OpenMP, 2, 524288, 0.091413
TimSort, OpenMP, 4, 524288, 0.064053
TimSort, OpenMP, 8, 524288, 0.144273
TimSort, OpenMP, 16, 524288, 0.081700
TimSort, OpenMP, 32, 524288, 0.073930
TimSort, OpenMP, 64, 524288, 0.105023
TimSort, OpenMP, 128, 524288, 0.130460
TimSort, OpenMP, 256, 524288, 0.177996
TimSort, OpenMP, 512, 524288, 0.375483
Bitonic Sort, OpenMP, 1, 524288, 0.776178
Bitonic Sort, OpenMP, 2, 524288, 0.446617
Bitonic Sort, OpenMP, 4, 524288, 0.446019
Bitonic Sort, OpenMP, 8, 524288, 0.450089
Bitonic Sort, OpenMP, 16, 524288, 0.404720
Bitonic Sort, OpenMP, 32, 524288, 0.447125
Bitonic Sort, OpenMP, 64, 524288, 0.438620
Bitonic Sort, OpenMP, 128, 524288, 0.465287
Bitonic Sort, OpenMP, 256, 524288, 0.512026
Bitonic Sort, OpenMP, 512, 524288, 0.621107
MergeSort, OpenMP, 1, 524288, 0.313277
MergeSort, OpenMP, 2, 524288, 0.195504
MergeSort, OpenMP, 4, 524288, 0.194566
MergeSort, OpenMP, 8, 524288, 0.159588
MergeSort, OpenMP, 16, 524288, 0.174793
MergeSort, OpenMP, 32, 524288, 0.170906
MergeSort, OpenMP, 64, 524288, 0.170315
MergeSort, OpenMP, 128, 524288, 0.177809
MergeSort, OpenMP, 256, 524288, 0.212870
MergeSort, OpenMP, 512, 524288, 0.304643
QuickSort, OpenMP, 1, 524288, 0.214314
QuickSort, OpenMP, 2, 524288, 0.182618
QuickSort, OpenMP, 4, 524288, 0.251108
QuickSort, OpenMP, 8, 524288, 0.211597
QuickSort, OpenMP, 16, 524288, 0.230335
QuickSort, OpenMP, 32, 524288, 0.214131
QuickSort, OpenMP, 64, 524288, 0.197627
QuickSort, OpenMP, 128, 524288, 0.172957
QuickSort, OpenMP, 256, 524288, 0.179545
QuickSort, OpenMP, 512, 524288, 0.297746
Sample Sort, OpenMP, 1, 524288, 0.155072
Sample Sort, OpenMP, 2, 524288, 0.219390
Sample Sort, OpenMP, 4, 524288, 0.160226
Sample Sort, OpenMP, 8, 524288, 0.191559
Sample Sort, OpenMP, 16, 524288, 0.103786
Sample Sort, OpenMP, 32, 524288, 0.166654
Sample Sort, OpenMP, 64, 524288, 0.187118
Sample Sort, OpenMP, 128, 524288, 0.143167
Sample Sort, OpenMP, 256, 524288, 0.188076
Sample Sort, OpenMP, 512, 524288, 0.268799
TimSort, OpenMP, 1, 1048576, 0.252327
TimSort, OpenMP, 2, 1048576, 0.170985
TimSort, OpenMP, 4, 1048576, 0.120396
TimSort, OpenMP, 8, 1048576, 0.222707
TimSort, OpenMP, 16, 1048576, 0.173134
TimSort, OpenMP, 32, 1048576, 0.156343
TimSort, OpenMP, 64, 1048576, 0.174198
TimSort, OpenMP, 128, 1048576, 0.216637
TimSort, OpenMP, 256, 1048576, 0.270063
TimSort, OpenMP, 512, 1048576, 0.397046
Bitonic Sort, OpenMP, 1, 1048576, 1.524973
Bitonic Sort, OpenMP, 2, 1048576, 0.904397
Bitonic Sort, OpenMP, 4, 1048576, 0.814451
Bitonic Sort, OpenMP, 8, 1048576, 0.860624
Bitonic Sort, OpenMP, 16, 1048576, 0.903042
Bitonic Sort, OpenMP, 32, 1048576, 0.933783
Bitonic Sort, OpenMP, 64, 1048576, 0.863591
Bitonic Sort, OpenMP, 128, 1048576, 0.932621
Bitonic Sort, OpenMP, 256, 1048576, 1.015804
Bitonic Sort, OpenMP, 512, 1048576, 1.122566
MergeSort, OpenMP, 1, 1048576, 0.599314
MergeSort, OpenMP, 2, 1048576, 0.326138
MergeSort, OpenMP, 4, 1048576, 0.317056
MergeSort, OpenMP, 8, 1048576, 0.295288
MergeSort, OpenMP, 16, 1048576, 0.368952
MergeSort, OpenMP, 32, 1048576, 0.376855
MergeSort, OpenMP, 64, 1048576, 0.351509
MergeSort, OpenMP, 128, 1048576, 0.422433
MergeSort, OpenMP, 256, 1048576, 0.350859
MergeSort, OpenMP, 512, 1048576, 0.452658
QuickSort, OpenMP, 1, 1048576, 0.436452
QuickSort, OpenMP, 2, 1048576, 0.371953
QuickSort, OpenMP, 4, 1048576, 0.395052
QuickSort, OpenMP, 8, 1048576, 0.405380
QuickSort, OpenMP, 16, 1048576, 0.480759
QuickSort, OpenMP, 32, 1048576, 0.303701
QuickSort, OpenMP, 64, 1048576, 0.321408
QuickSort, OpenMP, 128, 1048576, 0.373848
QuickSort, OpenMP, 256, 1048576, 0.390556
QuickSort, OpenMP, 512, 1048576, 0.475373
Sample Sort, OpenMP, 1, 1048576, 0.311742
Sample Sort, OpenMP, 2, 1048576, 0.428897
Sample Sort, OpenMP, 4, 1048576, 0.324487
Sample Sort, OpenMP, 8, 1048576, 0.227214
Sample Sort, OpenMP, 16, 1048576, 0.326468
Sample Sort, OpenMP, 32, 1048576, 0.411441
Sample Sort, OpenMP, 64, 1048576, 0.365877
Sample Sort, OpenMP, 128, 1048576, 0.308930
Sample Sort, OpenMP, 256, 1048576, 0.384827
Sample Sort, OpenMP, 512, 1048576, 0.457435
